﻿{
  "ProviderId": "Microsoft.VisualStudio.ConnectedService.Wcf",
  "Version": "15.0.20119.1312",
  "ExtendedData": {
    "Uri": "http://soastage.byui.edu/Registration.Service.v6/RegistrationService.svc?wsdl",
    "Namespace": "RegistrationService",
    "SelectedAccessLevelForGeneratedClass": "Public",
    "GenerateMessageContract": false,
    "ReuseTypesinReferencedAssemblies": true,
    "ReuseTypesinAllReferencedAssemblies": true,
    "CollectionTypeReference": {
      "Item1": "System.Array",
      "Item2": "System.Runtime.dll"
    },
    "DictionaryCollectionTypeReference": {
      "Item1": "System.Collections.Generic.Dictionary`2",
      "Item2": "System.Collections.dll"
    },
    "CheckedReferencedAssemblies": [],
    "InstanceId": null,
    "Name": "RegistrationService",
    "Metadata": {}
  }
}